﻿{
  "ProtocolConfiguration": {
    "Magic": 2254462286,
    "AddressVersion": 23,
    "StandbyValidators": [
      "023efa33ab02bfdd1eba3e8a3d965a2db821b53f21640aa5f4708d3c50f661ccb9",
      "03bff21c4ffa8feaf88bfe0e077371e99f404211cf09d00e60d19d0b499d3a4158",
      "021e9f0025e0b60e8306f849efe8b17ef3ffff5c8d93235db83ee6dd72bb4b503a",
      "02edb2a10135c8e0bad164a903c0c8f2d56775e8a8ba329365620a4157739a6401",
      "034bf134bb4dd538838abf21993b328118cf726390a2d7878e0d1202cd65671775"
    ],
    "SeedList": [
      "seed1.medchainx.com:10333",
      "seed2.medchainx.com:10333",
      "seed3.medchainx.com:10333",
      "seed4.medchainx.com:10333",
      "seed5.medchainx.com:10333"
    ],
    "SystemFee": {
      "EnrollmentTransaction": 1000,
      "IssueTransaction": 500,
      "PublishTransaction": 500,
      "RegisterTransaction": 10000
    }
  }
}
